id,name,age,email
1,fpBZsTCc,35,fpbzstcc@example.com
2,OyNYqAEe,79,oynyqaee@example.com
3,hOVzcWEg,35,hovzcweg@example.com
4,DdqeHhOa,55,ddqehhoa@example.com
5,plGCDifd,40,plgcdifd@example.com
6,zfXNXOjM,53,zfxnxojm@example.com
7,RyWLLuHc,78,rywlluhc@example.com
8,EYFajMDL,23,eyfajmdl@example.com
9,udAknmPT,40,udaknmpt@example.com
10,LRAekpmC,18,lraekpmc@example.com
11,GfZeuxfR,42,gfzeuxfr@example.com
12,uinoYHwr,25,uinoyhwr@example.com
13,TNhnTwTh,34,tnhntwth@example.com
14,WBJJFiBx,80,wbjjfibx@example.com
15,ShyECSty,27,shyecsty@example.com
16,GEAwHQAX,62,geawhqax@example.com
17,FLBcvHts,80,flbcvhts@example.com
18,QakUHgeB,69,qakuhgeb@example.com
19,VrXMhCiX,18,vrxmhcix@example.com
20,AzTVCDmR,56,aztvcdmr@example.com
21,HIGxIhBw,62,higxihbw@example.com
22,xNvsIqEX,76,xnvsiqex@example.com
23,uTGylDMT,52,utgyldmt@example.com
24,LlexjjWb,38,llexjjwb@example.com
25,fMbXKRFZ,25,fmbxkrfz@example.com
26,XVGvvbnK,56,xvgvvbnk@example.com
27,HGBUalTk,35,hgbualtk@example.com
28,lSKttCKX,61,lskttckx@example.com
29,RiuOEFXV,18,riuoefxv@example.com
30,jCyBLmsN,27,jcyblmsn@example.com
31,zcNQDrjj,47,zcnqdrjj@example.com
32,HrSlBBYO,45,hrslbbyo@example.com
33,XwmLfQRK,77,xwmlfqrk@example.com
34,uAGayvVy,65,uagayvvy@example.com
35,FBeKfsWW,34,fbekfsww@example.com
36,yDSnKgAu,47,ydsnkgau@example.com
37,BybVLwnU,70,bybvlwnu@example.com
38,PVyMCeqh,43,pvymceqh@example.com
39,goaLIBWn,56,goalibwn@example.com
40,tfbbvSzA,70,tfbbvsza@example.com
41,crfFcCNN,80,crffccnn@example.com
42,cCroKrCH,23,ccrokrch@example.com
43,LZvlfZDA,57,lzvlfzda@example.com
44,AMwnxSIv,58,amwnxsiv@example.com
45,kDFTpxrQ,73,kdftpxrq@example.com
46,vzokjRvc,45,vzokjrvc@example.com
47,zmMiuUKS,44,zmmiuuks@example.com
48,mvCTLWec,30,mvctlwec@example.com
49,ihMMSwRl,47,ihmmswrl@example.com
50,DiSUcmSZ,80,disucmsz@example.com
51,uxKbyMeA,38,uxkbymea@example.com
52,dlUuxXSk,31,dluuxxsk@example.com
53,aultfqxo,40,aultfqxo@example.com
54,QJdhxjEl,29,qjdhxjel@example.com
55,arqvCcGg,27,arqvccgg@example.com
56,Iqjncyjt,74,iqjncyjt@example.com
57,VtOUgztu,25,vtougztu@example.com
58,iXPjmAzw,45,ixpjmazw@example.com
59,gBWkEHdW,78,gbwkehdw@example.com
60,wUcpPfxD,75,wucppfxd@example.com
61,gjWKDHdz,28,gjwkdhdz@example.com
62,xCzUlCDf,60,xczulcdf@example.com
63,RQTxQubw,79,rqtxqubw@example.com
64,kJtKyvTD,72,kjtkyvtd@example.com
65,bhcQYKCo,24,bhcqykco@example.com
66,AvbkzzsJ,79,avbkzzsj@example.com
67,PhYcKjNy,24,phyckjny@example.com
68,WeiGpnEK,19,weigpnek@example.com
69,BrKyAsJS,46,brkyasjs@example.com
70,MoYDLlGm,38,moydllgm@example.com
71,zGgmmSej,20,zggmmsej@example.com
72,peyNzFtm,20,peynzftm@example.com
73,YTNvufGq,70,ytnvufgq@example.com
74,ORXhYXlR,35,orxhyxlr@example.com
75,XljXVtSu,38,xljxvtsu@example.com
76,lbnorRBs,78,lbnorrbs@example.com
77,GSICKaYt,74,gsickayt@example.com
78,ljsiMXpp,23,ljsimxpp@example.com
79,wmXbhLRc,49,wmxbhlrc@example.com
80,nPNxmioj,50,npnxmioj@example.com
81,jeNYyqHP,27,jenyyqhp@example.com
82,jGPKNncY,32,jgpknncy@example.com
83,UQOFsMEP,27,uqofsmep@example.com
84,fhAKwYej,49,fhakwyej@example.com
85,roFgsRmf,52,rofgsrmf@example.com
86,KpjbPdFn,21,kpjbpdfn@example.com
87,uziGbKjF,51,uzigbkjf@example.com
88,wJuwdCSR,65,wjuwdcsr@example.com
89,FYezwXRt,49,fyezwxrt@example.com
90,IAFyyVGr,35,iafyyvgr@example.com
91,nOeyHLon,41,noeyhlon@example.com
92,NcJjCbLH,76,ncjjcblh@example.com
93,qjcrMYQw,28,qjcrmyqw@example.com
94,MnFbnJUE,56,mnfbnjue@example.com
95,xQLjalYf,52,xqljalyf@example.com
96,zrhNziSK,54,zrhnzisk@example.com
97,WxxmIuPl,40,wxxmiupl@example.com
98,jZGLZrUQ,70,jzglzruq@example.com
99,loEFjvWf,56,loefjvwf@example.com
100,CyofIvuo,33,cyofivuo@example.com
101,crWiOuPB,26,crwioupb@example.com
102,GLmvvfLR,55,glmvvflr@example.com
103,yHmWnrdD,23,yhmwnrdd@example.com
104,xBhfuOAm,54,xbhfuoam@example.com
105,cOTQXLJx,19,cotqxljx@example.com
106,mtRHKAbQ,57,mtrhkabq@example.com
107,EanpknvV,48,eanpknvv@example.com
108,wHRCBrSI,28,whrcbrsi@example.com
109,tNhLthRr,77,tnhlthrr@example.com
110,cfSGstGp,72,cfsgstgp@example.com
111,bLQVKZCb,46,blqvkzcb@example.com
112,AsmXhqLM,71,asmxhqlm@example.com
113,vLSiCIoT,48,vlsiciot@example.com
114,CIcFBKFU,51,cicfbkfu@example.com
115,ydZCBwTV,40,ydzcbwtv@example.com
116,objrabbj,23,objrabbj@example.com
117,kSbQHTIr,19,ksbqhtir@example.com
118,zJQuoyvz,28,zjquoyvz@example.com
119,rHFcyaoI,39,rhfcyaoi@example.com
120,bLSvoVmq,19,blsvovmq@example.com
121,zcteAjPQ,30,zcteajpq@example.com
122,wGOauuPg,20,wgoauupg@example.com
123,FhmRgqJR,37,fhmrgqjr@example.com
124,ehMgDNCG,23,ehmgdncg@example.com
125,IfFiqkqf,27,iffiqkqf@example.com
126,ZAQXEcXL,23,zaqxecxl@example.com
127,frhzuBXS,39,frhzubxs@example.com
128,OzPIkeuV,69,ozpikeuv@example.com
129,cwwcDrkf,51,cwwcdrkf@example.com
130,bxIqCQbT,43,bxiqcqbt@example.com
131,DGmiyMQL,58,dgmiymql@example.com
132,eeJciVPN,77,eejcivpn@example.com
133,TVcRbDSH,31,tvcrbdsh@example.com
134,HAKyvJce,59,hakyvjce@example.com
135,ZzoCskNk,39,zzocsknk@example.com
136,GZDgKlnI,53,gzdgklni@example.com
137,CAjHlWQA,24,cajhlwqa@example.com
138,GikDVkJd,36,gikdvkjd@example.com
139,URLsBDNm,24,urlsbdnm@example.com
140,BhgCyZaY,19,bhgcyzay@example.com
141,ZGSXYRJJ,38,zgsxyrjj@example.com
142,dOWAoFHj,19,dowaofhj@example.com
143,aSnTTWan,74,asnttwan@example.com
144,MjXrGiYg,64,mjxrgiyg@example.com
145,afQlkjyJ,79,afqlkjyj@example.com
146,QzRUjooy,21,qzrujooy@example.com
147,mlIvGfpa,21,mlivgfpa@example.com
148,JKuxaPWo,75,jkuxapwo@example.com
149,sknuSekt,22,sknusekt@example.com
150,zNgaZVYT,50,zngazvyt@example.com
151,sDvLosht,56,sdvlosht@example.com
152,xseLnJxU,36,xselnjxu@example.com
153,jxaUwshD,25,jxauwshd@example.com
154,YGnyyewu,35,ygnyyewu@example.com
155,GkDefyBS,66,gkdefybs@example.com
156,LyHnrgqf,61,lyhnrgqf@example.com
157,lPTudxKf,41,lptudxkf@example.com
158,cRyekhpb,20,cryekhpb@example.com
159,IIhRdWDn,58,iihrdwdn@example.com
160,FVpVrcFE,66,fvpvrcfe@example.com
161,EqFgFFWA,49,eqfgffwa@example.com
162,PkhLrsQX,60,pkhlrsqx@example.com
163,cmHlWtjX,21,cmhlwtjx@example.com
164,JeVzfUfU,61,jevzfufu@example.com
165,eqOLjOIH,47,eqoljoih@example.com
166,DXYMNEJJ,69,dxymnejj@example.com
167,tPcpEdkP,50,tpcpedkp@example.com
168,cHnqqmwP,20,chnqqmwp@example.com
169,HJOAtQCm,54,hjoatqcm@example.com
170,FoJECuUC,51,fojecuuc@example.com
171,mqVpanZb,73,mqvpanzb@example.com
172,TktqcwHg,78,tktqcwhg@example.com
173,LiGBIoTs,73,ligbiots@example.com
174,qrYswJCz,19,qryswjcz@example.com
175,oKpLnsqf,19,okplnsqf@example.com
176,dyNANqvD,44,dynanqvd@example.com
177,krAjGGqb,34,krajggqb@example.com
178,tnyCPqpb,53,tnycpqpb@example.com
179,kvxMCeFt,63,kvxmceft@example.com
180,dvYVgIqG,68,dvyvgiqg@example.com
181,ZfrZsxzP,24,zfrzsxzp@example.com
182,iQdxFdlD,30,iqdxfdld@example.com
183,xZweyJEi,23,xzweyjei@example.com
184,asYJjzNX,35,asyjjznx@example.com
185,WGcNjBNT,51,wgcnjbnt@example.com
186,qgZyugkY,74,qgzyugky@example.com
187,BYDnHWlO,71,bydnhwlo@example.com
188,YHNvvOeS,37,yhnvvoes@example.com
189,IhVqKpRC,24,ihvqkprc@example.com
190,LNUYagAX,26,lnuyagax@example.com
191,IWBoRsGk,46,iwborsgk@example.com
192,kbVDFpTq,65,kbvdfptq@example.com
193,xwHFmdRJ,80,xwhfmdrj@example.com
194,aREMPZfA,19,arempzfa@example.com
195,NygSJzOc,48,nygsjzoc@example.com
196,QKYYweMe,24,qkyyweme@example.com
197,OgwVhThh,48,ogwvhthh@example.com
198,kyvnoOcH,65,kyvnooch@example.com
199,zIopjlMJ,41,ziopjlmj@example.com
200,EOOWOuQd,58,eoowouqd@example.com
201,ewbaTCVA,45,ewbatcva@example.com
202,cJUgJiDy,39,cjugjidy@example.com
203,QAwGUTRw,60,qawgutrw@example.com
204,zPUrkuFa,71,zpurkufa@example.com
205,szDJZpYW,36,szdjzpyw@example.com
206,DYoeInCj,80,dyoeincj@example.com
207,pGOHopcP,18,pgohopcp@example.com
208,TpglYeCd,70,tpglyecd@example.com
209,hihYumoi,26,hihyumoi@example.com
210,AWyBJfqs,20,awybjfqs@example.com
211,PXdCmnls,22,pxdcmnls@example.com
212,KBsLtCzb,62,kbsltczb@example.com
213,ZmISJRgZ,71,zmisjrgz@example.com
214,jWYppAtd,73,jwyppatd@example.com
215,xpZFLsPM,79,xpzflspm@example.com
216,TtvAExtm,76,ttvaextm@example.com
217,RpAzSZAY,48,rpazszay@example.com
218,DiqGqUFh,74,diqgqufh@example.com
219,mpdaUAAn,76,mpdauaan@example.com
220,vbqUWOqs,24,vbquwoqs@example.com
221,WkieKdef,78,wkiekdef@example.com
222,ezvALLpL,30,ezvallpl@example.com
223,vqjbInjy,43,vqjbinjy@example.com
224,mnxIefaQ,26,mnxiefaq@example.com
225,TrrFMeJE,71,trrfmeje@example.com
226,YumuVOsa,31,yumuvosa@example.com
227,atLNZJym,33,atlnzjym@example.com
228,CCarhLBw,41,ccarhlbw@example.com
229,jDTAPXQD,54,jdtapxqd@example.com
230,bISoaYTS,57,bisoayts@example.com
231,oyxtsaVY,23,oyxtsavy@example.com
232,tAljdbEv,34,taljdbev@example.com
233,IIeuxyAi,71,iieuxyai@example.com
234,RaKxulxW,61,rakxulxw@example.com
235,CvDvHtfH,43,cvdvhtfh@example.com
236,XyrGskVz,29,xyrgskvz@example.com
237,AVJUPGcT,61,avjupgct@example.com
238,fahnIqvA,58,fahniqva@example.com
239,JazoSRBl,46,jazosrbl@example.com
240,GeQyIoUL,77,geqyioul@example.com
241,prNCiNof,50,prncinof@example.com
242,AFENuqSW,48,afenuqsw@example.com
243,BXTZbPEx,77,bxtzbpex@example.com
244,xqYauUyv,57,xqyauuyv@example.com
245,NVYAvsKz,70,nvyavskz@example.com
246,DzrknvMw,62,dzrknvmw@example.com
247,PXNhWoMd,25,pxnhwomd@example.com
248,WgEatpeN,53,wgeatpen@example.com
249,JYdRAdDY,76,jydraddy@example.com
250,kdzYQdMi,41,kdzyqdmi@example.com
251,pLXejLIx,43,plxejlix@example.com
252,ycUcPqMd,38,ycucpqmd@example.com
253,CVQUiRwg,41,cvquirwg@example.com
254,bXLcgIMi,41,bxlcgimi@example.com
255,qenURaVQ,35,qenuravq@example.com
256,FDyuNfiB,52,fdyunfib@example.com
257,yWBdXMhX,77,ywbdxmhx@example.com
258,IbduaoYK,50,ibduaoyk@example.com
259,YOVmwjZt,68,yovmwjzt@example.com
260,EclLNVox,54,ecllnvox@example.com
261,pEVXCean,53,pevxcean@example.com
262,zfiwSdaO,75,zfiwsdao@example.com
263,BtkRJKeY,59,btkrjkey@example.com
264,feLzaOzZ,28,felzaozz@example.com
265,kBWjIqUQ,75,kbwjiquq@example.com
266,AWKWRbWI,68,awkwrbwi@example.com
267,OMjDRMJU,39,omjdrmju@example.com
268,AtlZVwPO,55,atlzvwpo@example.com
269,TsggIasY,73,tsggiasy@example.com
270,gxGhEXSk,69,gxghexsk@example.com
271,WwSXhIuz,48,wwsxhiuz@example.com
272,IeMBmLID,49,iembmlid@example.com
273,tcojwDaR,23,tcojwdar@example.com
274,pgASHPIP,44,pgashpip@example.com
275,YjhmqtWU,57,yjhmqtwu@example.com
276,CdQmPzmp,43,cdqmpzmp@example.com
277,CDqMbdrX,73,cdqmbdrx@example.com
278,PPnwernx,58,ppnwernx@example.com
279,FPRaaJBQ,76,fpraajbq@example.com
280,SxEbcEXC,68,sxebcexc@example.com
281,UVQQrvew,40,uvqqrvew@example.com
282,rYihxUeB,49,ryihxueb@example.com
283,YwKjasCA,45,ywkjasca@example.com
284,hCXrToux,49,hcxrtoux@example.com
285,yGwYnrDm,59,ygwynrdm@example.com
286,xFUBXvGy,78,xfubxvgy@example.com
287,scpNYChL,66,scpnychl@example.com
288,xoHjiFwc,31,xohjifwc@example.com
289,eljMKzwW,67,eljmkzww@example.com
290,MiwzlXKQ,68,miwzlxkq@example.com
291,ucpQocnQ,22,ucpqocnq@example.com
292,NtSTdDAD,44,ntstddad@example.com
293,PWTjVcvA,58,pwtjvcva@example.com
294,pINHWYEB,49,pinhwyeb@example.com
295,wanJjELD,56,wanjjeld@example.com
296,YqaTkfxP,71,yqatkfxp@example.com
297,BxzGLgGH,76,bxzglggh@example.com
298,FdJdrwby,65,fdjdrwby@example.com
299,VMVITeQE,27,vmviteqe@example.com
300,uuORaHsr,76,uuorahsr@example.com
301,vqbWpSAp,50,vqbwpsap@example.com
302,vHGiZnoF,79,vhgiznof@example.com
303,GvNCDGxH,62,gvncdgxh@example.com
304,VXLpxqLQ,38,vxlpxqlq@example.com
305,LgCZqAFL,67,lgczqafl@example.com
306,ZTiuDMCT,19,ztiudmct@example.com
307,TLrwLHFb,22,tlrwlhfb@example.com
308,jvSYTBUe,47,jvsytbue@example.com
309,pOeHQfCa,44,poehqfca@example.com
310,sPNUgysQ,78,spnugysq@example.com
311,BcbTPLaz,54,bcbtplaz@example.com
312,AaoeCzmX,73,aaoeczmx@example.com
313,GJqSjlnZ,35,gjqsjlnz@example.com
314,CkeVvrxV,36,ckevvrxv@example.com
315,QDvDxmFb,40,qdvdxmfb@example.com
316,hFSUMheF,60,hfsumhef@example.com
317,RNkomlRy,57,rnkomlry@example.com
318,wDuImLwr,57,wduimlwr@example.com
319,qCATVmSg,24,qcatvmsg@example.com
320,BxflATjD,18,bxflatjd@example.com
321,rKdiUNli,54,rkdiunli@example.com
322,YGeapuXG,75,ygeapuxg@example.com
323,qMedsbVw,69,qmedsbvw@example.com
324,Xwelyhdo,26,xwelyhdo@example.com
325,FdbNQBNE,65,fdbnqbne@example.com
326,otlvAOcx,54,otlvaocx@example.com
327,dCTiXTjO,22,dctixtjo@example.com
328,zFNWNnsE,47,zfnwnnse@example.com
329,SowxIzxD,41,sowxizxd@example.com
330,pdQjPMCz,63,pdqjpmcz@example.com
331,SoDmBmmZ,65,sodmbmmz@example.com
332,KXUpakkt,40,kxupakkt@example.com
333,OAEPgtCc,73,oaepgtcc@example.com
334,lKJYUnXM,28,lkjyunxm@example.com
335,lFjpCcUM,38,lfjpccum@example.com
336,xBoAlKTY,55,xboalkty@example.com
337,UzXAIrUl,38,uzxairul@example.com
338,PHeCzrso,30,pheczrso@example.com
339,LegcvBFk,72,legcvbfk@example.com
340,GxiJyUET,35,gxijyuet@example.com
341,IVFUkqam,53,ivfukqam@example.com
342,RvAHZIep,43,rvahziep@example.com
343,XjPTxwcR,28,xjptxwcr@example.com
344,diGfnQYu,21,digfnqyu@example.com
345,EiXRdHfU,19,eixrdhfu@example.com
346,pnxWXDFz,30,pnxwxdfz@example.com
347,QAqYHNzT,39,qaqyhnzt@example.com
348,poxHiDqX,25,poxhidqx@example.com
349,qlClGwsc,54,qlclgwsc@example.com
350,oOSUQxAC,46,oosuqxac@example.com
351,mhwyILBh,45,mhwyilbh@example.com
352,ZYckSyzn,48,zycksyzn@example.com
353,jWGbxyFf,40,jwgbxyff@example.com
354,eRWWsCtC,50,erwwsctc@example.com
355,qfeJdAtA,78,qfejdata@example.com
356,qdUTwcVy,53,qdutwcvy@example.com
357,epkUTDBq,27,epkutdbq@example.com
358,EltnaAhs,27,eltnaahs@example.com
359,tfuhLXLJ,79,tfuhlxlj@example.com
360,OPlUgqLz,30,oplugqlz@example.com
361,EYQzrCFY,35,eyqzrcfy@example.com
362,wVVELzxB,22,wvvelzxb@example.com
363,iBCjIneI,78,ibcjinei@example.com
364,OOJIAjUK,72,oojiajuk@example.com
365,tXjNwNzt,31,txjnwnzt@example.com
366,GlcBXMlY,68,glcbxmly@example.com
367,HKslDDHl,55,hkslddhl@example.com
368,xPcVKyfZ,25,xpcvkyfz@example.com
369,bgxLSzRF,61,bgxlszrf@example.com
370,xIrmahyi,67,xirmahyi@example.com
371,HQuYjWDJ,55,hquyjwdj@example.com
372,HdDqpSbP,39,hddqpsbp@example.com
373,TKZQdloC,36,tkzqdloc@example.com
374,ifaVmgmW,69,ifavmgmw@example.com
375,hQPcsRji,61,hqpcsrji@example.com
376,pxqCYgas,65,pxqcygas@example.com
377,aFCmtNfv,78,afcmtnfv@example.com
378,jjTexKsT,49,jjtexkst@example.com
379,BUqdJoiW,30,buqdjoiw@example.com
380,WlvjLFAZ,57,wlvjlfaz@example.com
381,qTcfoBdU,25,qtcfobdu@example.com
382,TdsdDFsQ,80,tdsddfsq@example.com
383,RlOQPINl,67,rloqpinl@example.com
384,vSDCuWpK,79,vsdcuwpk@example.com
385,mCoBXibK,18,mcobxibk@example.com
386,VLDTBwVN,79,vldtbwvn@example.com
387,kAwvkOlb,43,kawvkolb@example.com
388,XhmaWQVg,28,xhmawqvg@example.com
389,MyVTLwcF,20,myvtlwcf@example.com
390,rgbdriKe,78,rgbdrike@example.com
391,ADSjlVyD,33,adsjlvyd@example.com
392,sSkxFaeU,21,sskxfaeu@example.com
393,FvDPsWlq,29,fvdpswlq@example.com
394,YkUhEmUk,22,ykuhemuk@example.com
395,bQJhLPhj,66,bqjhlphj@example.com
396,SzBiFMaB,33,szbifmab@example.com
397,zvSXjDhX,80,zvsxjdhx@example.com
398,aZLmCMXc,38,azlmcmxc@example.com
399,xYWzbkgL,30,xywzbkgl@example.com
400,ZHMSDUBt,40,zhmsdubt@example.com
401,CSDomdbH,58,csdomdbh@example.com
402,yVLkNqwa,49,yvlknqwa@example.com
403,gqCGHPhP,52,gqcghphp@example.com
404,UzAeBcfs,31,uzaebcfs@example.com
405,pSdrwSay,51,psdrwsay@example.com
406,XreKsdCk,77,xreksdck@example.com
407,pUbWsCOd,68,pubwscod@example.com
408,EoHubPJH,26,eohubpjh@example.com
409,AkxiBAgO,22,akxibago@example.com
410,hbJdMTSY,47,hbjdmtsy@example.com
411,YGqqOgGp,32,ygqqoggp@example.com
412,Bdeymrsc,20,bdeymrsc@example.com
413,TwezTHaK,44,twezthak@example.com
414,xoCvTdgy,65,xocvtdgy@example.com
415,ckRSdpFG,22,ckrsdpfg@example.com
416,hkEKRNHk,61,hkekrnhk@example.com
417,LeYuUlkL,52,leyuulkl@example.com
418,mfpQGTCG,80,mfpqgtcg@example.com
419,eFSkEycv,24,efskeycv@example.com
420,WILcGIAL,33,wilcgial@example.com
421,RzmxQtpx,48,rzmxqtpx@example.com
422,TxDRJpZd,55,txdrjpzd@example.com
423,hvbFZTid,61,hvbfztid@example.com
424,hTzqBRXU,36,htzqbrxu@example.com
425,KWmcESPj,77,kwmcespj@example.com
426,IsjDQZiD,36,isjdqzid@example.com
427,gXeKsoRp,23,gxeksorp@example.com
428,MfWkHqon,75,mfwkhqon@example.com
429,TjyssXoq,65,tjyssxoq@example.com
430,EqNsJjSi,61,eqnsjjsi@example.com
431,pCFKQGdo,30,pcfkqgdo@example.com
432,WmsyEskE,30,wmsyeske@example.com
433,lurbeSsc,34,lurbessc@example.com
434,kIUoTYbZ,56,kiuotybz@example.com
435,cXhHPcbp,53,cxhhpcbp@example.com
436,onRZybdl,51,onrzybdl@example.com
437,HuyBSNUy,63,huybsnuy@example.com
438,fEuvXZvI,52,feuvxzvi@example.com
439,tvxDDqNN,75,tvxddqnn@example.com
440,wmYCOkQj,35,wmycokqj@example.com
441,nLhwcfqX,47,nlhwcfqx@example.com
442,QJRdwPoz,26,qjrdwpoz@example.com
443,UjVncLyR,44,ujvnclyr@example.com
444,SMbJmtxF,70,smbjmtxf@example.com
445,mCDQTtqG,72,mcdqttqg@example.com
446,wDJnbyJC,55,wdjnbyjc@example.com
447,HFJvgNwz,67,hfjvgnwz@example.com
448,CLTqFnqD,80,cltqfnqd@example.com
449,ioJycWmf,60,iojycwmf@example.com
450,rCEQbJqf,46,rceqbjqf@example.com
451,HulDInZG,75,huldinzg@example.com
452,jOflezxp,32,joflezxp@example.com
453,kxzkbEES,31,kxzkbees@example.com
454,pEszgpWR,49,peszgpwr@example.com
455,fgXREQkB,40,fgxreqkb@example.com
456,wWtjnVwQ,45,wwtjnvwq@example.com
457,UqAobzyF,64,uqaobzyf@example.com
458,NEuhtOiB,56,neuhtoib@example.com
459,MCBIZPnS,44,mcbizpns@example.com
460,mWuMPCkM,69,mwumpckm@example.com
461,KEBqPWxK,69,kebqpwxk@example.com
462,rhEBqMOr,74,rhebqmor@example.com
463,VCpbZGXC,54,vcpbzgxc@example.com
464,ZHDlyyVB,46,zhdlyyvb@example.com
465,uCFgFjkt,44,ucfgfjkt@example.com
466,WHgifBia,34,whgifbia@example.com
467,LjdGEUqv,64,ljdgeuqv@example.com
468,ipDkwApW,29,ipdkwapw@example.com
469,WFeEWeoX,40,wfeeweox@example.com
470,EtoDiMOz,44,etodimoz@example.com
471,ryLIEaFQ,76,rylieafq@example.com
472,iNLFjmog,38,inlfjmog@example.com
473,ABUiWJlI,65,abuiwjli@example.com
474,MGgHvLDn,20,mgghvldn@example.com
475,stedRgbx,58,stedrgbx@example.com
476,dYplDGKg,51,dypldgkg@example.com
477,VnCIjdWY,34,vncijdwy@example.com
478,HcxWkGmn,33,hcxwkgmn@example.com
479,muJZJGQm,47,mujzjgqm@example.com
480,WjTdJSvT,39,wjtdjsvt@example.com
481,xQAALaHo,24,xqaalaho@example.com
482,YoXsayxB,50,yoxsayxb@example.com
483,mbLAWjIS,35,mblawjis@example.com
484,gOMhZuMq,61,gomhzumq@example.com
485,nUpQsocK,80,nupqsock@example.com
486,fWAOsKYP,69,fwaoskyp@example.com
487,hZNTnoUJ,72,hzntnouj@example.com
488,JWgzROns,54,jwgzrons@example.com
489,YrKqPscp,31,yrkqpscp@example.com
490,gsJHoTHX,42,gsjhothx@example.com
491,ichhSzhf,77,ichhszhf@example.com
492,JFIZVMdz,49,jfizvmdz@example.com
493,aqfUswXb,52,aqfuswxb@example.com
494,wFCZDyzi,26,wfczdyzi@example.com
495,etaDYdAq,21,etadydaq@example.com
496,lqJxBUbk,41,lqjxbubk@example.com
497,OIAztAks,57,oiaztaks@example.com
498,MCkNoFrr,36,mcknofrr@example.com
499,wqvILTGB,67,wqviltgb@example.com
500,SHIgtpLP,58,shigtplp@example.com
501,wqqtQQrA,60,wqqtqqra@example.com
502,opYyMOci,68,opyymoci@example.com
503,nVeisgWW,38,nveisgww@example.com
504,fiXnPFLO,44,fixnpflo@example.com
505,BrtekpGN,40,brtekpgn@example.com
506,XNkvtgcc,45,xnkvtgcc@example.com
507,VmVdGTBa,75,vmvdgtba@example.com
508,WldELnMP,27,wldelnmp@example.com
509,eTEacxZn,69,eteacxzn@example.com
510,WFSquIQV,28,wfsquiqv@example.com
511,pRrHtlHl,26,prrhtlhl@example.com
512,YSvbxXQq,65,ysvbxxqq@example.com
513,vkkTnfqY,69,vkktnfqy@example.com
514,LFlqCPIf,36,lflqcpif@example.com
515,uoFsQrvM,20,uofsqrvm@example.com
516,IOtAFNBd,31,iotafnbd@example.com
517,sdXSEzcU,75,sdxsezcu@example.com
518,mnujBvMN,43,mnujbvmn@example.com
519,DFynpybQ,42,dfynpybq@example.com
520,bWGTxeKf,47,bwgtxekf@example.com
521,SWXKoMAb,22,swxkomab@example.com
522,RHsCaHtM,80,rhscahtm@example.com
523,wqoxdUcn,38,wqoxducn@example.com
524,FDVnBwGv,73,fdvnbwgv@example.com
525,tGVbNENM,68,tgvbnenm@example.com
526,aPmIRzBD,29,apmirzbd@example.com
527,KZMsbLFF,58,kzmsblff@example.com
528,aLYPmBqp,61,alypmbqp@example.com
529,gdEFqDEE,38,gdefqdee@example.com
530,bSXapTpe,18,bsxaptpe@example.com
531,kwnumBLw,76,kwnumblw@example.com
532,xeDEMbTu,64,xedembtu@example.com
533,nMmNNQLW,57,nmmnnqlw@example.com
534,MgwkcOlN,54,mgwkcoln@example.com
535,iFkojzxB,52,ifkojzxb@example.com
536,HSTvDkML,51,hstvdkml@example.com
537,DtuPBDqM,31,dtupbdqm@example.com
538,ZUJysoTB,39,zujysotb@example.com
539,RrjFRwim,47,rrjfrwim@example.com
540,KElaYhzj,65,kelayhzj@example.com
541,WqcMwHpf,31,wqcmwhpf@example.com
542,UlcZtGAe,80,ulcztgae@example.com
543,OllWxvOo,62,ollwxvoo@example.com
544,SBikYTFR,18,sbikytfr@example.com
545,ZLlZoune,54,zllzoune@example.com
546,fspaFREu,25,fspafreu@example.com
547,xxvmNUZo,64,xxvmnuzo@example.com
548,ePXVYTIR,41,epxvytir@example.com
549,ydkjIwNR,66,ydkjiwnr@example.com
550,HcSVLzqX,60,hcsvlzqx@example.com
551,CZerNgee,32,czerngee@example.com
552,KdbWsUIa,53,kdbwsuia@example.com
553,QRrEmwsQ,79,qrremwsq@example.com
554,EhJsWyzx,24,ehjswyzx@example.com
555,TbPmbyBy,60,tbpmbyby@example.com
556,HFhWJNCW,54,hfhwjncw@example.com
557,NzSqxRXW,19,nzsqxrxw@example.com
558,kSVspJqE,65,ksvspjqe@example.com
559,jtxLOxjL,65,jtxloxjl@example.com
560,VrmckxaT,63,vrmckxat@example.com
561,XJWNOXLr,36,xjwnoxlr@example.com
562,AYOWAjjO,39,ayowajjo@example.com
563,CGCXqiuE,46,cgcxqiue@example.com
564,nIZeaoWP,29,nizeaowp@example.com
565,UpqKnPbe,36,upqknpbe@example.com
566,etTgFWuX,40,ettgfwux@example.com
567,VllfHeCu,59,vllfhecu@example.com
568,lZNzsDEK,79,lznzsdek@example.com
569,aULGoMZR,49,aulgomzr@example.com
570,SzcozCwy,61,szcozcwy@example.com
571,mJIJpvOA,80,mjijpvoa@example.com
572,cKLwjoAu,28,cklwjoau@example.com
573,giRvaMYA,48,girvamya@example.com
574,WCPzbTpA,26,wcpzbtpa@example.com
575,nGQJQktV,27,ngqjqktv@example.com
576,gmYHLgWv,49,gmyhlgwv@example.com
577,WfnJTULL,52,wfnjtull@example.com
578,QEOPmBBj,27,qeopmbbj@example.com
579,yHWbNnIU,43,yhwbnniu@example.com
580,rzmqOHdz,18,rzmqohdz@example.com
581,uMENcquE,39,umencque@example.com
582,KaTasIFQ,44,katasifq@example.com
583,XbpGFAkl,53,xbpgfakl@example.com
584,UXVXrJbb,71,uxvxrjbb@example.com
585,acXRTudp,22,acxrtudp@example.com
586,otNqmCNJ,41,otnqmcnj@example.com
587,eWypwGip,36,ewypwgip@example.com
588,MyBuxXxW,66,mybuxxxw@example.com
589,NuBnddDk,76,nubndddk@example.com
590,GUeOeLyS,77,gueoelys@example.com
591,LunDIApo,68,lundiapo@example.com
592,MXlAZzRT,52,mxlazzrt@example.com
593,GkuXEFEt,77,gkuxefet@example.com
594,TlokJUoC,43,tlokjuoc@example.com
595,dRhgMoyK,43,drhgmoyk@example.com
596,DhDHUrGf,71,dhdhurgf@example.com
597,sGANEAqD,66,sganeaqd@example.com
598,pfazDdFL,69,pfazddfl@example.com
599,nqWbTTDV,80,nqwbttdv@example.com
600,LZtmcOkp,58,lztmcokp@example.com
601,GGJktPGI,76,ggjktpgi@example.com
602,PkUoObOn,71,pkuoobon@example.com
603,mlKVChmj,63,mlkvchmj@example.com
604,pkgUfmXm,33,pkgufmxm@example.com
605,qsOzyxQq,71,qsozyxqq@example.com
606,xweyqlIk,29,xweyqlik@example.com
607,RcfZvOMG,25,rcfzvomg@example.com
608,YbpidnrH,29,ybpidnrh@example.com
609,wrWytwDX,66,wrwytwdx@example.com
610,PokrVoQJ,50,pokrvoqj@example.com
611,GQQgEvFt,48,gqqgevft@example.com
612,JgsvgvaJ,20,jgsvgvaj@example.com
613,tEmZSEPr,50,temzsepr@example.com
614,cWpeWmdR,28,cwpewmdr@example.com
615,OYGULWEh,75,oygulweh@example.com
616,FyzzQLuw,65,fyzzqluw@example.com
617,scVplIpx,60,scvplipx@example.com
618,yGVkITYi,25,ygvkityi@example.com
619,vVjPnXsv,25,vvjpnxsv@example.com
620,WGdzenDB,29,wgdzendb@example.com
621,bHCdQYHy,75,bhcdqyhy@example.com
622,MQysjNNi,57,mqysjnni@example.com
623,rgIaRanE,70,rgiarane@example.com
624,TaXGIJpJ,53,taxgijpj@example.com
625,SHDpwbUp,61,shdpwbup@example.com
626,nmWblnwH,45,nmwblnwh@example.com
627,gLuMIucS,45,glumiucs@example.com
628,WflhprBS,44,wflhprbs@example.com
629,iOjZLLfh,73,iojzllfh@example.com
630,opzvFcVm,78,opzvfcvm@example.com
631,XZYaAFhe,73,xzyaafhe@example.com
632,jfKkerZu,75,jfkkerzu@example.com
633,rUrVHbaR,46,rurvhbar@example.com
634,HdGANHXH,44,hdganhxh@example.com
635,sUIIKrvq,23,suiikrvq@example.com
636,tdFRaIQz,66,tdfraiqz@example.com
637,iclLJzyB,54,iclljzyb@example.com
638,aQvQzMcr,79,aqvqzmcr@example.com
639,uYgHQQUG,39,uyghqqug@example.com
640,EboIwzKA,71,eboiwzka@example.com
641,wlVQQytj,34,wlvqqytj@example.com
642,enulzcMy,52,enulzcmy@example.com
643,aUueEgpb,72,auueegpb@example.com
644,KMpbFpAs,47,kmpbfpas@example.com
645,hXoSiBvs,27,hxosibvs@example.com
646,lntVSsFM,32,lntvssfm@example.com
647,UYotvvFL,76,uyotvvfl@example.com
648,CpHgpxSM,72,cphgpxsm@example.com
649,yCCqnKrA,55,yccqnkra@example.com
650,rDivwGSF,78,rdivwgsf@example.com
651,fOMwSRHn,71,fomwsrhn@example.com
652,coVizpqA,57,covizpqa@example.com
653,oQRNvpco,71,oqrnvpco@example.com
654,TLdJyNoe,22,tldjynoe@example.com
655,wNMfIXfS,38,wnmfixfs@example.com
656,mWLYBGbW,58,mwlybgbw@example.com
657,GxckpwzT,26,gxckpwzt@example.com
658,phmistHr,22,phmisthr@example.com
659,mOroxzgM,18,moroxzgm@example.com
660,hqKPOUUK,73,hqkpouuk@example.com
661,vGaPcCSn,47,vgapccsn@example.com
662,WQSrlMpB,64,wqsrlmpb@example.com
663,FxPcqhLL,74,fxpcqhll@example.com
664,zbAIROvB,79,zbairovb@example.com
665,jxxKRFhP,51,jxxkrfhp@example.com
666,vipKqnks,76,vipkqnks@example.com
667,JqiuuEkT,76,jqiuuekt@example.com
668,joOrsUnR,78,joorsunr@example.com
669,PYUMrOkb,25,pyumrokb@example.com
670,gKnCsxpT,60,gkncsxpt@example.com
671,szhPrITz,73,szhpritz@example.com
672,GdVNibYJ,65,gdvnibyj@example.com
673,mHnMFfRp,27,mhnmffrp@example.com
674,tptzieBf,32,tptziebf@example.com
675,uinEJwXl,23,uinejwxl@example.com
676,iiKrFBQc,78,iikrfbqc@example.com
677,cJInOxSK,24,cjinoxsk@example.com
678,oNBYZnFH,19,onbyznfh@example.com
679,MwXdTIfx,23,mwxdtifx@example.com
680,SAMgUQeS,67,samguqes@example.com
681,YQtXRlRT,76,yqtxrlrt@example.com
682,pAENecTW,66,paenectw@example.com
683,wXfazUCH,79,wxfazuch@example.com
684,wMbdUPqr,78,wmbdupqr@example.com
685,xBCOlnbA,38,xbcolnba@example.com
686,DnCZHzZp,23,dnczhzzp@example.com
687,VMocTSXI,31,vmoctsxi@example.com
688,cacENZbG,47,cacenzbg@example.com
689,YKreufon,69,ykreufon@example.com
690,vvrIxjpd,52,vvrixjpd@example.com
691,IioZHXBW,79,iiozhxbw@example.com
692,uNwlMYeP,52,unwlmyep@example.com
693,eEOlnynA,70,eeolnyna@example.com
694,eSZRvqqH,74,eszrvqqh@example.com
695,JhVEmoKq,56,jhvemokq@example.com
696,uEMqscfV,22,uemqscfv@example.com
697,gejnvwFY,67,gejnvwfy@example.com
698,JveDoEVO,61,jvedoevo@example.com
699,sMzDWAqw,54,smzdwaqw@example.com
700,scoIXCrE,28,scoixcre@example.com
701,QzyMXqRU,62,qzymxqru@example.com
702,PHGURJbF,23,phgurjbf@example.com
703,lJOJIUpH,48,ljojiuph@example.com
704,OqoKgJQA,36,oqokgjqa@example.com
705,nVirzcsb,27,nvirzcsb@example.com
706,HLiYqkbK,51,hliyqkbk@example.com
707,UotIoeqW,70,uotioeqw@example.com
708,QiySNDdB,27,qiysnddb@example.com
709,oNJwUtqE,28,onjwutqe@example.com
710,SriFSvyY,74,srifsvyy@example.com
711,XsaXCFKo,20,xsaxcfko@example.com
712,sODJCtqb,69,sodjctqb@example.com
713,uoczjVvT,63,uoczjvvt@example.com
714,ljKTPIMf,19,ljktpimf@example.com
715,vkXLLtRX,33,vkxlltrx@example.com
716,gAunwxQE,55,gaunwxqe@example.com
717,BWOXAnuZ,75,bwoxanuz@example.com
718,qTzVlTvt,78,qtzvltvt@example.com
719,tmWqQpsx,28,tmwqqpsx@example.com
720,AvUyIguQ,21,avuyiguq@example.com
721,vpoPEupX,48,vpopeupx@example.com
722,gApAyMif,19,gapaymif@example.com
723,SfoSKpYZ,49,sfoskpyz@example.com
724,sHIJygVU,70,shijygvu@example.com
725,dmZyOkQs,61,dmzyokqs@example.com
726,mnkFCYfp,34,mnkfcyfp@example.com
727,nRbfPGdV,45,nrbfpgdv@example.com
728,PRwOLogr,36,prwologr@example.com
729,YysuqfFt,77,yysuqfft@example.com
730,lrloSFqp,51,lrlosfqp@example.com
731,ebFAwVji,46,ebfawvji@example.com
732,zLiapUhh,65,zliapuhh@example.com
733,qZxsBgMk,76,qzxsbgmk@example.com
734,NNqaCXMS,22,nnqacxms@example.com
735,wbGedMEm,51,wbgedmem@example.com
736,nOkKpJmO,73,nokkpjmo@example.com
737,HqLUaRYA,64,hqluarya@example.com
738,TseGWFue,50,tsegwfue@example.com
739,fNujWPIe,59,fnujwpie@example.com
740,nKZUASGU,75,nkzuasgu@example.com
741,fHOPJCjE,65,fhopjcje@example.com
742,TRhEOYrm,64,trheoyrm@example.com
743,HLetZrZU,42,hletzrzu@example.com
744,EGijpKrp,78,egijpkrp@example.com
745,aKufZZJq,45,akufzzjq@example.com
746,NTdSkMpY,73,ntdskmpy@example.com
747,vZftrPVl,46,vzftrpvl@example.com
748,WSTLwnhx,79,wstlwnhx@example.com
749,tvLvEtaU,68,tvlvetau@example.com
750,OWHecpXw,68,owhecpxw@example.com
751,nstbOWAI,19,nstbowai@example.com
752,TkMlVZvi,24,tkmlvzvi@example.com
753,vVobjkHM,66,vvobjkhm@example.com
754,EKQeOOLS,36,ekqeools@example.com
755,zVjEjBPo,19,zvjejbpo@example.com
756,bFscZdKw,40,bfsczdkw@example.com
757,eLhJHLJF,62,elhjhljf@example.com
758,IlednFur,59,ilednfur@example.com
759,JDRXhgCg,51,jdrxhgcg@example.com
760,ksAVbFXd,32,ksavbfxd@example.com
761,CcUXLqqJ,35,ccuxlqqj@example.com
762,AbdFaVts,74,abdfavts@example.com
763,kCivhURQ,69,kcivhurq@example.com
764,qDcAdBDx,41,qdcadbdx@example.com
765,nrjTeoaI,77,nrjteoai@example.com
766,VYfkuYSk,55,vyfkuysk@example.com
767,MLIXlKzb,46,mlixlkzb@example.com
768,ZyHBGrjo,28,zyhbgrjo@example.com
769,aVfNnTHe,57,avfnnthe@example.com
770,cmMdLMIU,70,cmmdlmiu@example.com
771,JJbIfMlw,52,jjbifmlw@example.com
772,InzILmsH,58,inzilmsh@example.com
773,aAkSqawc,76,aaksqawc@example.com
774,ddkezfUv,23,ddkezfuv@example.com
775,PGLdjzbW,31,pgldjzbw@example.com
776,WcxeUpLY,59,wcxeuply@example.com
777,xDhWUqoL,58,xdhwuqol@example.com
778,YPsCxieh,67,ypscxieh@example.com
779,QgDTipjI,29,qgdtipji@example.com
780,eAGCGtMW,64,eagcgtmw@example.com
781,GCJsGxeK,70,gcjsgxek@example.com
782,bnXhkRIl,30,bnxhkril@example.com
783,rvIyMMXD,76,rviymmxd@example.com
784,dtIZpqca,78,dtizpqca@example.com
785,PmTEpBOK,26,pmtepbok@example.com
786,OeKXYDXp,70,oekxydxp@example.com
787,ukopZBAj,21,ukopzbaj@example.com
788,gdJLolLs,50,gdjlolls@example.com
789,LiJYMPMd,43,lijympmd@example.com
790,MexbJaCf,48,mexbjacf@example.com
791,QxPTzzGr,19,qxptzzgr@example.com
792,uyuqJdXX,59,uyuqjdxx@example.com
793,tSCRQAuS,64,tscrqaus@example.com
794,YsYQAhPo,68,ysyqahpo@example.com
795,DtjdoqaW,30,dtjdoqaw@example.com
796,gPKgFxIo,49,gpkgfxio@example.com
797,bNMveKMh,51,bnmvekmh@example.com
798,knmGjiFR,63,knmgjifr@example.com
799,WoKnnalw,31,woknnalw@example.com
800,fAzHsGwS,71,fazhsgws@example.com
801,lSFmuNTX,19,lsfmuntx@example.com
802,jskHQHdm,63,jskhqhdm@example.com
803,wXTLiLKa,73,wxtlilka@example.com
804,LGhzRQwJ,32,lghzrqwj@example.com
805,LvIWrMKz,41,lviwrmkz@example.com
806,TaTHTZGM,37,tathtzgm@example.com
807,HTrSJEGP,32,htrsjegp@example.com
808,MGYpONXw,39,mgyponxw@example.com
809,EcLJHgbE,67,ecljhgbe@example.com
810,ENDbgJoH,45,endbgjoh@example.com
811,cIlCsbLb,80,cilcsblb@example.com
812,qAGZlLfc,67,qagzllfc@example.com
813,sRiCvsIl,67,sricvsil@example.com
814,uzjKspje,63,uzjkspje@example.com
815,MVnrhEso,19,mvnrheso@example.com
816,qpyDiBmo,72,qpydibmo@example.com
817,xRFgKHBz,27,xrfgkhbz@example.com
818,EOEQtwOa,18,eoeqtwoa@example.com
819,mfjgJkTZ,56,mfjgjktz@example.com
820,pLyORbXZ,41,plyorbxz@example.com
821,KoByhgly,80,kobyhgly@example.com
822,GyfDAnEr,47,gyfdaner@example.com
823,zjvmWegv,19,zjvmwegv@example.com
824,jxtVQpvo,36,jxtvqpvo@example.com
825,hsRcygUW,42,hsrcyguw@example.com
826,gFrEMOuH,25,gfremouh@example.com
827,DitoprBo,25,ditoprbo@example.com
828,fmkNkozL,19,fmknkozl@example.com
829,WrMxfunf,30,wrmxfunf@example.com
830,zzpaDhAF,26,zzpadhaf@example.com
831,jlOndvBW,73,jlondvbw@example.com
832,YEaRUUAO,54,yearuuao@example.com
833,chLCqnNk,20,chlcqnnk@example.com
834,IKgGvKzw,50,ikggvkzw@example.com
835,ceUmikYU,72,ceumikyu@example.com
836,rWtqrxFG,30,rwtqrxfg@example.com
837,NtTjgonG,48,nttjgong@example.com
838,xUphjdfg,44,xuphjdfg@example.com
839,SNecyPfB,18,snecypfb@example.com
840,gnypjlec,46,gnypjlec@example.com
841,WNXVviSS,31,wnxvviss@example.com
842,XhGDkbmi,20,xhgdkbmi@example.com
843,WFUWMSJH,18,wfuwmsjh@example.com
844,TboxOjWa,29,tboxojwa@example.com
845,MlZntqbc,70,mlzntqbc@example.com
846,YCPeVsyh,26,ycpevsyh@example.com
847,kMtCnyeC,67,kmtcnyec@example.com
848,QvsCrUDC,59,qvscrudc@example.com
849,JqJQgqRn,44,jqjqgqrn@example.com
850,vzimjgnA,20,vzimjgna@example.com
851,OgzrbyBc,35,ogzrbybc@example.com
852,SCRTlImr,73,scrtlimr@example.com
853,fuCBKoaJ,50,fucbkoaj@example.com
854,ynTulpQA,51,yntulpqa@example.com
855,xVnxKroc,21,xvnxkroc@example.com
856,mVZORqQY,31,mvzorqqy@example.com
857,REPxDRiH,51,repxdrih@example.com
858,dHZMgOeH,36,dhzmgoeh@example.com
859,XIFFpHHt,50,xiffphht@example.com
860,cEzjdqSY,27,cezjdqsy@example.com
861,kzyTYBcp,75,kzytybcp@example.com
862,uFGzUgLK,35,ufgzuglk@example.com
863,uNyxHjSe,25,unyxhjse@example.com
864,CAqEIgRs,75,caqeigrs@example.com
865,fOHuRzIO,42,fohurzio@example.com
866,oolYybXi,18,oolyybxi@example.com
867,BouzenBm,40,bouzenbm@example.com
868,tqvIChkc,60,tqvichkc@example.com
869,BPcpGXYx,68,bpcpgxyx@example.com
870,OJauTDtx,61,ojautdtx@example.com
871,ReVKeJQd,25,revkejqd@example.com
872,IOyuDCCp,57,ioyudccp@example.com
873,pXzhOQeY,75,pxzhoqey@example.com
874,xrBFYlIv,33,xrbfyliv@example.com
875,BkpZhUcJ,46,bkpzhucj@example.com
876,OrVssMVw,35,orvssmvw@example.com
877,KArDsBDB,65,kardsbdb@example.com
878,UszXveli,23,uszxveli@example.com
879,oUYQgVaH,46,ouyqgvah@example.com
880,DfaOcXQS,31,dfaocxqs@example.com
881,dQlDeUHf,26,dqldeuhf@example.com
882,DkzzEtBW,59,dkzzetbw@example.com
883,qeNejFBn,33,qenejfbn@example.com
884,gpoZPmme,70,gpozpmme@example.com
885,YWwKWLTq,80,ywwkwltq@example.com
886,SHPTMuSA,36,shptmusa@example.com
887,DxSWyKiV,40,dxswykiv@example.com
888,BuDJgiPL,80,budjgipl@example.com
889,QahHLCug,35,qahhlcug@example.com
890,sNczUtrs,41,snczutrs@example.com
891,dWRYVGsZ,30,dwryvgsz@example.com
892,TZtnmQqD,61,tztnmqqd@example.com
893,QCyOjYDF,74,qcyojydf@example.com
894,EQzLTrBT,64,eqzltrbt@example.com
895,nOeeKioP,20,noeekiop@example.com
896,MygiPCbI,44,mygipcbi@example.com
897,CjmnEobI,75,cjmneobi@example.com
898,lMagvaGs,40,lmagvags@example.com
899,RCRgvNwR,37,rcrgvnwr@example.com
900,qvukeEhP,38,qvukeehp@example.com
901,eLHVvKUf,19,elhvvkuf@example.com
902,yHTgCtrP,25,yhtgctrp@example.com
903,TYIHOcwI,73,tyihocwi@example.com
904,dNGZGGon,38,dngzggon@example.com
905,tIGyUmtP,64,tigyumtp@example.com
906,CNnvFbGs,58,cnnvfbgs@example.com
907,EsidVgaT,41,esidvgat@example.com
908,MtuhoGBg,53,mtuhogbg@example.com
909,cceOMGNc,74,cceomgnc@example.com
910,gZJdKvbm,78,gzjdkvbm@example.com
911,wbbrduSp,63,wbbrdusp@example.com
912,sgOdNiNg,49,sgodning@example.com
913,giNbOFbh,44,ginbofbh@example.com
914,uyBTjYcz,53,uybtjycz@example.com
915,ZLQrURMe,25,zlqrurme@example.com
916,lPjZbNOl,29,lpjzbnol@example.com
917,HEikiMzA,54,heikimza@example.com
918,FqsyxrDo,40,fqsyxrdo@example.com
919,BuzJPvLt,79,buzjpvlt@example.com
920,dRHcBFIE,80,drhcbfie@example.com
921,XfDpGONg,47,xfdpgong@example.com
922,NSaTZEwr,52,nsatzewr@example.com
923,ZFogmFiQ,55,zfogmfiq@example.com
924,uMbBXGUO,48,umbbxguo@example.com
925,jnbbknch,45,jnbbknch@example.com
926,hYGdBcLP,25,hygdbclp@example.com
927,JxRZkBRc,79,jxrzkbrc@example.com
928,PBkGIUFw,30,pbkgiufw@example.com
929,YxdLWVBU,36,yxdlwvbu@example.com
930,ZngGhlVY,55,zngghlvy@example.com
931,DMfrHcxQ,52,dmfrhcxq@example.com
932,gSmEuDIG,69,gsmeudig@example.com
933,BIFbKilv,64,bifbkilv@example.com
934,UhVMtqvo,77,uhvmtqvo@example.com
935,UrEDIHbk,32,uredihbk@example.com
936,vUjSMiNu,24,vujsminu@example.com
937,EZqVhJlU,39,ezqvhjlu@example.com
938,sPyrRtfR,72,spyrrtfr@example.com
939,QVTnrjUa,68,qvtnrjua@example.com
940,TqDoicoQ,22,tqdoicoq@example.com
941,OUXbGiVB,32,ouxbgivb@example.com
942,nijpPTmQ,80,nijpptmq@example.com
943,tpjYOHpz,50,tpjyohpz@example.com
944,bLTTANtU,71,blttantu@example.com
945,mWayYxss,72,mwayyxss@example.com
946,VxvPoVBt,24,vxvpovbt@example.com
947,sVfCoEKU,71,svfcoeku@example.com
948,ZKZdJtUS,72,zkzdjtus@example.com
949,zNvyQCDx,54,znvyqcdx@example.com
950,XBFGqrfR,76,xbfgqrfr@example.com
951,cMsoxgEI,67,cmsoxgei@example.com
952,cWeflMAG,74,cweflmag@example.com
953,TwJDdksZ,56,twjddksz@example.com
954,zwFlRNyS,27,zwflrnys@example.com
955,RfiRfimn,50,rfirfimn@example.com
956,eNgmLrRi,35,engmlrri@example.com
957,dHHlzjxJ,53,dhhlzjxj@example.com
958,pFzibvGy,66,pfzibvgy@example.com
959,yWSlkLCr,78,ywslklcr@example.com
960,XBriARPI,53,xbriarpi@example.com
961,OnmrGHNG,73,onmrghng@example.com
962,fUrrHKxb,77,furrhkxb@example.com
963,DxNzkdBe,36,dxnzkdbe@example.com
964,srYfWvtD,67,sryfwvtd@example.com
965,aLMqrYzF,52,almqryzf@example.com
966,AcsThuzj,42,acsthuzj@example.com
967,CTvCMdCL,25,ctvcmdcl@example.com
968,xTcEfzNv,35,xtcefznv@example.com
969,ptxmVnIo,31,ptxmvnio@example.com
970,gTPisNuk,44,gtpisnuk@example.com
971,YOVTJzvk,26,yovtjzvk@example.com
972,HatCKNcE,68,hatcknce@example.com
973,KNwbhRuL,30,knwbhrul@example.com
974,CVJlFErl,68,cvjlferl@example.com
975,zfPLWGiw,43,zfplwgiw@example.com
976,rYHpQZjI,42,ryhpqzji@example.com
977,rDqZioTA,50,rdqziota@example.com
978,nQDaUMnM,50,nqdaumnm@example.com
979,CIPxRZpL,20,cipxrzpl@example.com
980,AXfaSbiP,69,axfasbip@example.com
981,emnzkAlt,41,emnzkalt@example.com
982,zQlLKRDA,79,zqllkrda@example.com
983,wxCfWcnx,68,wxcfwcnx@example.com
984,fFefsMvE,51,ffefsmve@example.com
985,heEJYSWO,38,heejyswo@example.com
986,FUnKjVjC,43,funkjvjc@example.com
987,WQdFTKHK,41,wqdftkhk@example.com
988,LcryKIgc,69,lcrykigc@example.com
989,NwwGCRfV,80,nwwgcrfv@example.com
990,UqjiXQiy,70,uqjixqiy@example.com
991,vvTabKnJ,25,vvtabknj@example.com
992,exUXUCmW,35,exuxucmw@example.com
993,PskzgsmA,53,pskzgsma@example.com
994,CJIPcPHs,53,cjipcphs@example.com
995,OpoAiBVJ,57,opoaibvj@example.com
996,zBEQuFXS,72,zbequfxs@example.com
997,konvQXVS,61,konvqxvs@example.com
998,jNpUyWIY,76,jnpuywiy@example.com
999,UGLTgPxQ,58,ugltgpxq@example.com
1000,WtpaQdha,58,wtpaqdha@example.com
