Product_ID,Product_Name,Quantity,Price
INV001,Product A,10,9.99
INV002,Product B,20,19.99
INV003,Product C,15,12.99
INV004,Product D,30,29.99
INV005,Product E,25,24.99
INV006,Product F,18,17.99
INV007,Product G,22,21.99
INV008,Product H,11,10.99
INV009,Product I,28,27.99
INV010,Product J,16,14.99
INV011,Product K,26,25.99
INV012,Product L,19,18.99
INV013,Product M,24,22.99
INV014,Product N,13,11.99
INV015,Product O,29,28.99
INV016,Product P,17,15.99
INV017,Product Q,23,20.99
INV018,Product R,14,12.99
INV019,Product S,27,26.99
INV020,Product T,21,19.99
INV021,Product U,12,9.99
INV022,Product V,31,30.99
INV023,Product W,32,31.99
INV024,Product X,33,32.99
INV025,Product Y,34,33.99
INV026,Product Z,35,34.99
INV027,Product AA,36,35.99
INV028,Product AB,37,36.99
INV029,Product AC,38,37.99
INV030,Product AD,39,38.99
INV031,Product AE,40,39.99
INV032,Product AF,41,40.99
INV033,Product AG,42,41.99
INV034,Product AH,43,42.99
INV035,Product AI,44,43.99
INV036,Product AJ,45,44.99
INV037,Product AK,46,45.99
INV038,Product AL,47,46.99
INV039,Product AM,48,47.99
INV040,Product AN,49,48.99
INV041,Product AO,50,49.99
INV042,Product AP,51,50.99
INV043,Product AQ,52,51.99
INV044,Product AR,53,52.99
INV045,Product AS,54,53.99
INV046,Product AT,55,54.99
INV047,Product AU,56,55.99
INV048,Product AV,57,56.99
INV049,Product AW,58,57.99
INV050,Product AX,59,58.99
INV051,Product AY,60,59.99
INV052,Product AZ,61,60.99
INV053,Product BA,62,61.99
INV054,Product BB,63,62.99
INV055,Product BC,64,63.99
INV056,Product BD,65,64.99
INV057,Product BE,66,65.99
INV058,Product BF,67,66.99
INV059,Product BG,68,67.99
INV060,Product BH,69,68.99
INV061,Product BI,70,69.99
INV062,Product BJ,71,70.99
INV063,Product BK,72,71.99
INV064,Product BL,73,72.99
INV065,Product BM,74,73.99
INV066,Product BN,75,74.99
INV067,Product BO,76,75.99
INV068,Product BP,77,76.99
INV069,Product BQ,78,77.99
INV070,Product BR,79,78.99
INV071,Product BS,80,79.99
INV072,Product BT,81,80.99
INV073,Product BU,82,81.99
INV074,Product BV,83,82.99
INV075,Product BW,84,83.99
INV076,Product BX,85,84.99
INV077,Product BY,86,85.99
INV078,Product BZ,87,86.99
INV079,Product CA,88,87.99
INV080,Product CB,89,88.99
INV081,Product CC,90,89.99
INV082,Product CD,91,90.99
INV083,Product CE,92,91.99
INV084,Product CF,93,92.99
INV085,Product CG,94,93.99
INV086,Product CH,95,94.99
INV087,Product CI,96,95.99
INV088,Product CJ,97,96.99
INV089,Product CK,98,97.99
INV090,Product CL,99,98.99
INV091,Product CM,100,99.99
INV092,Product CN,5,4.99
INV093,Product CO,6,5.99
INV094,Product CP,7,6.99
INV095,Product CQ,8,7.99
INV096,Product CR,9,8.99
INV097,Product CS,4,3.99
INV098,Product CT,3,2.99
INV099,Product CU,2,1.99
INV100,Product CV,1,0.99
